sn,subtype,source
SN1998bw,Ic-BL,"tesis cap. 3 (lista de Ic-BL)"
SN2002ap,Ic-BL,"tesis cap. 3 (lista de Ic-BL)"
SN2006aj,Ic-BL,"tesis cap. 3 (lista de Ic-BL)"
SN2007ru,Ic-BL,"tesis cap. 3 (lista de Ic-BL)"
SN2009bb,Ic-BL,"tesis cap. 3 (lista de Ic-BL)"
SN2012ap,Ic-BL,"tesis cap. 3 (lista de Ic-BL)"
SN2016coi,Ic-BL,"tesis cap. 3 (lista de Ic-BL)"
SN1999dn,Ib,"OSC"
SN2004gq,Ib,"OSC"
SN2005bf,Ib,"OSC"
SN2005hg,Ib,"OSC"
SN2006ep,Ib,"OSC"
SN2006lc,Ib,"OSC"
SN2007uy,Ib,"OSC"
SN2008D,Ib,"OSC"
SN2009iz,Ib,"OSC"
SN2009jf,Ib,"OSC"
SN2015ah,Ib,"OSC"
SN2015ap,Ib,"Gangopadhyay+2020 2020MNRAS.497.3770G"
iPTF13bvn,Ib,"Cao+2013 2013ApJ...775L...7C"
SN1994I,Ic,"OSC"
SN2004aw,Ic,"OSC"
SN2004fe,Ic,"OSC"
SN2004gt,Ic,"OSC"
SN2007gr,Ic,"OSC"
SN2011bm,Ic,"OSC"
SN2013ge,Ic,"OSC"
SN2014L,Ic,"OSC"
SN2017ein,Ic,"OSC"
SN2021krf,Ic,"Ravi+2023 2023ApJ...950...14R"
