tipo,z1,z2,z_mean,n_sne,rate_1e4,stat_lo,stat_hi,sys_lo,sys_hi,pagina,nota
Ia,0.05,0.15,0.1,3.0,0.55,0.29,0.5,0.2,0.2,"Table 7 (arXiv v4; el enunciado la llama Tabla 5, pero en este texto la Tabla 5 es la comparacion de clasificadores)","rate en 1e-4 yr^-1 Mpc^-3 (sin conversion). sys simetrica (+-) en el paper: sys_lo=sys_hi. bin poco poblado (excepcion declarada). n_sne incluye PSN con peso 0.5 (el paper tiene el numero de PSN entre parentesis, no recuperado en la extraccion)."
Ia,0.15,0.35,0.25,12.7,0.39,0.12,0.13,0.1,0.1,"Table 7 (arXiv v4; el enunciado la llama Tabla 5, pero en este texto la Tabla 5 es la comparacion de clasificadores)","rate en 1e-4 yr^-1 Mpc^-3 (sin conversion). sys simetrica (+-) en el paper: sys_lo=sys_hi. n_sne incluye PSN con peso 0.5 (el paper tiene el numero de PSN entre parentesis, no recuperado en la extraccion)."
Ia,0.35,0.55,0.45,23.0,0.52,0.13,0.11,0.16,0.16,"Table 7 (arXiv v4; el enunciado la llama Tabla 5, pero en este texto la Tabla 5 es la comparacion de clasificadores)","rate en 1e-4 yr^-1 Mpc^-3 (sin conversion). sys simetrica (+-) en el paper: sys_lo=sys_hi. n_sne incluye PSN con peso 0.5 (el paper tiene el numero de PSN entre parentesis, no recuperado en la extraccion)."
Ia,0.55,0.75,0.65,17.4,0.69,0.18,0.19,0.27,0.27,"Table 7 (arXiv v4; el enunciado la llama Tabla 5, pero en este texto la Tabla 5 es la comparacion de clasificadores)","rate en 1e-4 yr^-1 Mpc^-3 (sin conversion). sys simetrica (+-) en el paper: sys_lo=sys_hi. n_sne incluye PSN con peso 0.5 (el paper tiene el numero de PSN entre parentesis, no recuperado en la extraccion)."
CC,0.05,0.15,0.1,5.9,1.13,0.53,0.62,0.49,0.49,"Table 7 (arXiv v4; el enunciado la llama Tabla 5, pero en este texto la Tabla 5 es la comparacion de clasificadores)","rate en 1e-4 yr^-1 Mpc^-3 (sin conversion). sys simetrica (+-) en el paper: sys_lo=sys_hi. CC = II + Ib/c + IIn acumulados (Sect 8.1). n_sne incluye PSN con peso 0.5 (el paper tiene el numero de PSN entre parentesis, no recuperado en la extraccion)."
CC,0.15,0.35,0.25,26.2,1.21,0.27,0.27,0.47,0.47,"Table 7 (arXiv v4; el enunciado la llama Tabla 5, pero en este texto la Tabla 5 es la comparacion de clasificadores)","rate en 1e-4 yr^-1 Mpc^-3 (sin conversion). sys simetrica (+-) en el paper: sys_lo=sys_hi. CC = II + Ib/c + IIn acumulados (Sect 8.1). n_sne incluye PSN con peso 0.5 (el paper tiene el numero de PSN entre parentesis, no recuperado en la extraccion)."
II,0.15,0.35,0.25,13.4,0.69,0.18,0.16,0.24,0.24,"Table 7 (arXiv v4; el enunciado la llama Tabla 5, pero en este texto la Tabla 5 es la comparacion de clasificadores)","rate en 1e-4 yr^-1 Mpc^-3 (sin conversion). sys simetrica (+-) en el paper: sys_lo=sys_hi. n_sne incluye PSN con peso 0.5 (el paper tiene el numero de PSN entre parentesis, no recuperado en la extraccion)."
Ib/c,0.15,0.35,0.25,9.3,0.48,0.17,0.19,0.23,0.23,"Table 7 (arXiv v4; el enunciado la llama Tabla 5, pero en este texto la Tabla 5 es la comparacion de clasificadores)","rate en 1e-4 yr^-1 Mpc^-3 (sin conversion). sys simetrica (+-) en el paper: sys_lo=sys_hi. n_sne incluye PSN con peso 0.5 (el paper tiene el numero de PSN entre parentesis, no recuperado en la extraccion)."
IIn,0.15,0.35,0.25,3.5,0.043,0.026,0.03,0.026,0.026,"Table 7 (arXiv v4; el enunciado la llama Tabla 5, pero en este texto la Tabla 5 es la comparacion de clasificadores)","rate en 1e-4 yr^-1 Mpc^-3 (sin conversion). sys simetrica (+-) en el paper: sys_lo=sys_hi. z_mean = punto medio; Tabla 6 no lista este bin de IIn. n_sne incluye PSN con peso 0.5 (el paper tiene el numero de PSN entre parentesis, no recuperado en la extraccion)."
IIn,0.35,0.75,0.55,5.8,0.017,0.009,0.009,0.01,0.01,"Table 7 (arXiv v4; el enunciado la llama Tabla 5, pero en este texto la Tabla 5 es la comparacion de clasificadores)","rate en 1e-4 yr^-1 Mpc^-3 (sin conversion). sys simetrica (+-) en el paper: sys_lo=sys_hi. z_mean = punto medio; Tabla 6 da <z>=0.55 para IIn. n_sne incluye PSN con peso 0.5 (el paper tiene el numero de PSN entre parentesis, no recuperado en la extraccion)."
SLSN,0.35,0.75,0.55,,<0.009,,,,,"Table 7 (arXiv v4; el enunciado la llama Tabla 5, pero en este texto la Tabla 5 es la comparacion de clasificadores)","Limite superior 0.009 (calculado para 3 eventos de referencia, P(nulo)<=5%). Sin n_sne ni errores. rate_1e4 es el limite, no una medicion."
