field,filter,date,mjd,mjd_fuente,seeing,m50,printed_row,panel,obslog_maglimit,match_log,obslog_imagen,obslog_mjd,nota
VOICE-CDFS1,r,2012-08-05,56144.38,paper,1.31,23.0,2,1,23.8,True,cdfs1_r_20120805.fits,56144.379,
VOICE-CDFS1,r,2012-08-13,56152.37,paper,0.69,23.9,3,1,25.4,True,cdfs1_r_20120813.fits,56152.368,
VOICE-CDFS1,r,2012-09-02,56172.23,paper,1.02,21.7,4,1,22.7,True,cdfs1_r_20120902.fits,56172.232,
VOICE-CDFS1,r,2012-09-05,56175.20,paper,1.28,21.8,5,1,22.7,True,cdfs1_r_20120905.fits,56175.204,
VOICE-CDFS1,r,2012-09-08,56178.31,paper,1.00,23.0,6,1,24.0,True,cdfs1_r_20120908.fits,56178.313,
VOICE-CDFS1,r,2012-09-14,56184.25,paper,0.55,23.9,7,1,25.8,True,cdfs1_r_20120914.fits,56184.250,
VOICE-CDFS1,r,2012-09-17,56187.29,paper,1.06,23.2,8,1,24.2,True,cdfs1_r_20120917.fits,56187.287,
VOICE-CDFS1,r,2012-09-20,56190.22,paper,0.87,23.1,9,1,24.7,True,cdfs1_r_20120920.fits,56190.216,
VOICE-CDFS1,r,2012-09-22,56192.22,paper,0.89,23.1,10,1,24.7,True,cdfs1_r_20120922.fits,56192.221,
VOICE-CDFS1,r,2012-09-24,56194.24,paper,1.44,22.6,11,1,23.1,True,cdfs1_r_20120924.fits,56194.241,
VOICE-CDFS1,r,2012-10-07,56207.34,paper,0.93,23.1,12,1,24.4,True,cdfs1_r_20121007.fits,56207.341,
VOICE-CDFS1,r,2012-10-08,56208.24,paper,0.93,22.9,13,1,24.7,True,cdfs1_r_20121008.fits,56208.238,
VOICE-CDFS1,r,2012-10-11,56211.32,paper,0.92,23.1,14,1,24.6,True,cdfs1_r_20121011.fits,56211.322,
VOICE-CDFS1,r,2012-10-14,56214.71,paper,1.07,23.7,15,1,24.6,True,cdfs1_r_20121014.fits,56214.710,MJD fraccion .71 = 17 UT (de dia en Paranal); el obslog_I trae el mismo 56214.710; posible errata compartida; transcrito tal cual
VOICE-CDFS1,r,2012-10-17,56217.21,paper,0.92,23.7,16,1,24.7,True,cdfs1_r_20121017.fits,56217.213,
VOICE-CDFS1,r,2012-10-21,56221.19,paper,0.51,23.8,17,1,25.9,True,cdfs1_r_20121021.fits,56221.194,
VOICE-CDFS1,r,2012-10-25,56225.11,paper,0.86,22.9,18,1,24.1,True,cdfs1_r_20121025.fits,56225.114,
VOICE-CDFS1,r,2012-11-04,56235.14,paper,0.67,23.6,19,1,25.1,True,cdfs1_r_20121104.fits,56235.144,
VOICE-CDFS1,r,2012-11-06,56237.26,paper,0.83,23.5,20,1,24.6,True,cdfs1_r_20121106.fits,56237.258,
VOICE-CDFS1,r,2012-11-08,56239.27,paper,0.88,23.6,21,1,24.6,True,cdfs1_r_20121108.fits,56239.265,
VOICE-CDFS1,r,2012-11-10,56241.30,paper,0.76,23.6,22,1,25.0,True,cdfs1_r_20121110.fits,56241.304,
VOICE-CDFS1,r,2012-11-20,56251.14,paper,0.78,24.0,23,1,25.2,True,cdfs1_r_20121120.fits,56251.135,
VOICE-CDFS1,r,2012-12-03,56264.21,paper,0.71,23.4,24,1,24.7,True,cdfs1_r_20121203.fits,56264.211,
VOICE-CDFS1,r,2012-12-07,56268.05,paper,0.81,23.8,25,1,25.0,True,cdfs1_r_20121207.fits,56268.046,
VOICE-CDFS1,r,2012-12-13,56274.06,paper,0.55,23.8,26,1,25.9,True,cdfs1_r_20121213.fits,56274.063,
VOICE-CDFS1,r,2012-12-20,56281.13,paper,0.96,23.3,27,1,24.0,True,cdfs1_r_20121220.fits,56281.126,
VOICE-CDFS1,r,2013-01-03,56295.10,paper,0.68,23.8,28,1,25.5,True,cdfs1_r_20130103.fits,56295.104,
VOICE-CDFS1,r,2013-01-06,56298.13,paper,0.91,23.7,29,1,24.9,True,cdfs1_r_20130106.fits,56298.132,
VOICE-CDFS1,r,2013-01-10,56302.12,paper,0.89,23.0,30,1,24.2,True,cdfs1_r_20130110.fits,56302.118,
VOICE-CDFS1,g,2012-09-20,56190.24,paper,1.17,23.6,32,1,24.7,True,cdfs1_g_20120920.fits,56190.240,
VOICE-CDFS1,g,2012-10-11,56211.35,paper,1.13,23.4,33,1,24.6,True,cdfs1_g_20121011.fits,56211.346,
VOICE-CDFS1,g,2012-10-21,56221.22,paper,0.57,23.7,34,1,26.2,True,cdfs1_g_20121021.fits,56221.218,
VOICE-CDFS1,g,2012-11-06,56237.28,paper,0.91,23.6,35,1,24.7,True,cdfs1_g_20121106.fits,56237.282,
VOICE-CDFS1,g,2012-12-07,56268.07,paper,0.82,24.1,36,1,25.4,True,cdfs1_g_20121207.fits,56268.070,
VOICE-CDFS1,g,2012-12-09,56270.28,paper,1.08,23.5,37,1,24.5,True,cdfs1_g_20121209.fits,56270.278,
VOICE-CDFS1,g,2013-01-06,56298.16,paper,1.14,23.7,38,1,24.8,True,cdfs1_g_20130106.fits,56298.157,
VOICE-CDFS1,i,2012-08-13,56152.39,paper,0.54,23.0,40,1,25.3,True,cdfs1_i_20120813.fits,56152.393,
VOICE-CDFS1,i,2012-09-02,56172.26,paper,0.98,21.1,41,1,21.6,True,cdfs1_i_20120902.fits,56172.257,
VOICE-CDFS1,i,2012-09-08,56178.34,paper,1.45,22.0,42,1,22.5,True,cdfs1_i_20120908.fits,56178.340,
VOICE-CDFS1,i,2012-09-17,56187.31,paper,0.91,22.7,43,1,23.9,True,cdfs1_i_20120917.fits,56187.312,
VOICE-CDFS1,i,2012-09-24,56194.27,paper,1.42,22.2,44,1,22.6,True,cdfs1_i_20120924.fits,56194.267,
VOICE-CDFS1,i,2012-10-15,56215.19,paper,0.89,22.9,45,1,23.8,True,cdfs1_i_20121015.fits,56215.192,
VOICE-CDFS1,i,2012-10-25,56225.14,paper,0.85,22.2,46,1,23.4,True,cdfs1_i_20121025.fits,56225.138,
VOICE-CDFS1,i,2012-11-08,56239.29,paper,0.84,22.8,47,1,23.9,True,cdfs1_i_20121108.fits,56239.290,
VOICE-CDFS1,i,2012-11-20,56251.16,paper,0.69,23.2,48,1,24.6,True,cdfs1_i_20121120.fits,56251.160,
VOICE-CDFS1,i,2012-12-20,56281.15,paper,0.79,22.7,49,1,24.0,True,cdfs1_i_20121220.fits,56281.150,
VOICE-CDFS1,i,2013-01-10,56302.15,paper,0.97,22.0,50,1,22.7,True,cdfs1_i_20130110.fits,56302.148,
VOICE-CDFS2,r,2011-10-20,55854.15,paper,1.17,23.2,2,2,24.1,True,cdfs2_r_20111020.fits,55854.149,
VOICE-CDFS2,r,2011-10-25,55859.34,paper,0.56,23.8,3,2,25.7,True,cdfs2_r_20111025.fits,55859.338,
VOICE-CDFS2,r,2011-10-28,55862.16,paper,0.92,23.5,4,2,24.8,True,cdfs2_r_20111028.fits,55862.161,
VOICE-CDFS2,r,2011-10-30,55864.16,paper,1.06,23.4,5,2,24.3,True,cdfs2_r_20111030.fits,55864.164,
VOICE-CDFS2,r,2011-11-02,55867.10,paper,0.78,23.5,6,2,24.8,True,cdfs2_r_20111102.fits,55867.097,
VOICE-CDFS2,r,2011-11-04,55869.15,paper,0.62,23.4,7,2,25.1,True,cdfs2_r_20111104.fits,55869.151,
VOICE-CDFS2,r,2011-11-15,55880.06,paper,0.61,23.6,8,2,25.4,True,cdfs2_r_20111115.fits,55880.058,
VOICE-CDFS2,r,2011-11-18,55883.29,paper,0.90,23.4,9,2,24.5,True,cdfs2_r_20111118.fits,55883.288,
VOICE-CDFS2,r,2011-11-21,55886.23,paper,0.68,23.5,10,2,25.4,True,cdfs2_r_20111121.fits,55886.229,
VOICE-CDFS2,r,2011-11-23,55888.28,paper,0.90,23.4,11,2,24.8,True,cdfs2_r_20111123.fits,55888.284,
VOICE-CDFS2,r,2011-11-26,55891.28,paper,0.64,23.8,12,2,25.4,True,cdfs2_r_20111126.fits,55891.283,
VOICE-CDFS2,r,2011-11-28,55893.30,paper,1.04,23.2,13,2,24.2,True,cdfs2_r_20111128.fits,55893.304,
VOICE-CDFS2,r,2011-12-01,55896.22,paper,0.82,23.6,14,2,24.9,True,cdfs2_r_20111201.fits,55896.221,
VOICE-CDFS2,r,2011-12-03,55898.24,paper,0.52,23.8,15,2,26.0,True,cdfs2_r_20111203.fits,55898.236,
VOICE-CDFS2,r,2011-12-14,55909.21,paper,0.88,23.3,16,2,24.3,True,cdfs2_r_20111214.fits,55909.213,
VOICE-CDFS2,r,2011-12-17,55912.25,paper,0.88,23.2,17,2,24.4,True,cdfs2_r_20111217.fits,55912.245,
VOICE-CDFS2,r,2012-01-14,55940.15,paper,0.77,23.3,18,2,24.8,True,cdfs2_r_20120114.fits,55940.148,
VOICE-CDFS2,r,2012-01-18,55944.06,paper,0.57,23.9,19,2,25.9,True,cdfs2_r_20120118.fits,55944.061,
VOICE-CDFS2,r,2012-01-20,55946.134,paper,1.00,23.4,20,2,24.4,True,cdfs2_r_20120120.fits,55946.134,
VOICE-CDFS2,r,2012-01-23,55949.11,paper,0.59,23.5,21,2,25.5,True,cdfs2_r_20120123.fits,55949.107,
VOICE-CDFS2,r,2012-01-25,55951.12,paper,0.90,23.7,22,2,24.8,True,cdfs2_r_20120125.fits,55951.120,
VOICE-CDFS2,r,2012-01-29,55955.06,paper,0.67,23.6,23,2,25.2,True,cdfs2_r_20120129.fits,55955.064,
VOICE-CDFS2,r,2012-02-02,55959.08,paper,1.46,22.4,24,2,23.0,True,cdfs2_r_20120202.fits,55959.078,
VOICE-CDFS2,g,2011-11-02,55867.12,paper,0.91,23.4,26,2,24.8,True,cdfs2_g_20111102.fits,55867.124,
VOICE-CDFS2,g,2011-11-21,55886.25,paper,0.89,23.5,27,2,25.3,True,cdfs2_g_20111121.fits,55886.253,
VOICE-CDFS2,g,2011-12-01,55896.25,paper,1.05,23.7,28,2,24.8,True,cdfs2_g_20111201.fits,55896.245,
VOICE-CDFS2,g,2012-01-18,55944.09,paper,0.56,23.6,29,2,26.3,True,cdfs2_g_20120118.fits,55944.085,
VOICE-CDFS2,g,2012-01-25,55951.15,paper,1.56,23.2,30,2,24.3,True,cdfs2_g_20120125.fits,55951.152,
VOICE-CDFS2,g,2012-12-08,56269.26,paper,1.02,23.4,31,2,24.3,True,cdfs2_g_20121208.fits,56269.257,"impreso en el bloque g de VOICE-CDFS2 pero fuera de la temporada Oct2011-Jan2012 de la Tabla 1; el obslog_I la trae como cdfs2_g_20121208 (MJD 56269.257, mismo seeing); cuenta en las 6 epocas g de la Tabla 1; transcrito tal cual"
VOICE-CDFS2,i,2011-11-02,55867.15,paper,0.59,23.1,33,2,24.6,True,cdfs2_i_20111102.fits,55867.152,
VOICE-CDFS2,i,2011-11-21,55886.28,paper,1.12,22.7,34,2,23.5,True,cdfs2_i_20111121.fits,55886.279,
VOICE-CDFS2,i,2011-12-01,55896.27,paper,0.92,22.8,35,2,24.0,True,cdfs2_i_20111201.fits,55896.270,
VOICE-CDFS2,i,2012-01-18,55944.11,paper,0.69,22.9,36,2,24.8,True,cdfs2_i_20120118.fits,55944.110,
COSMOS,r,2011-12-18,55913.30,paper,0.65,23.2,2,3,24.8,True,cosmos_r_20111218.fits,55913.303,
COSMOS,r,2011-12-22,55917.27,paper,0.92,23.5,3,3,24.7,True,cosmos_r_20111222.fits,55917.271,
COSMOS,r,2011-12-27,55922.24,paper,1.03,23.3,4,3,24.2,True,cosmos_r_20111227.fits,55922.238,
COSMOS,r,2011-12-31,55926.28,paper,1.14,23.3,5,3,24.3,True,cosmos_r_20111231.fits,55926.280,
COSMOS,r,2012-01-02,55928.32,paper,0.63,23.7,6,3,25.3,True,cosmos_r_20120102.fits,55928.315,
COSMOS,r,2012-01-06,55932.30,paper,0.58,23.7,7,3,25.3,True,cosmos_r_20120106.fits,55932.297,
COSMOS,r,2012-01-18,55944.20,paper,0.63,23.7,8,3,25.5,True,cosmos_r_20120118.fits,55944.204,
COSMOS,r,2012-01-20,55946.25,paper,0.87,23.4,9,3,24.7,True,cosmos_r_20120120.fits,55946.248,
COSMOS,r,2012-01-22,55948.25,paper,0.77,23.6,10,3,25.0,True,cosmos_r_20120122.fits,55948.249,
COSMOS,r,2012-01-24,55950.28,paper,0.68,23.8,11,3,25.4,True,cosmos_r_20120124.fits,55950.276,
COSMOS,r,2012-01-27,55953.19,paper,0.92,23.5,12,3,24.7,True,cosmos_r_20120127.fits,55953.187,
COSMOS,r,2012-01-29,55955.20,paper,0.86,23.3,13,3,24.7,True,cosmos_r_20120129.fits,55955.197,
COSMOS,r,2012-02-02,55959.31,paper,0.88,23.3,14,3,24.7,True,cosmos_r_20120202.fits,55959.308,
COSMOS,r,2012-02-16,55973.25,paper,0.50,23.6,15,3,25.6,True,cosmos_r_20120216.fits,55973.254,
COSMOS,r,2012-02-19,55976.11,paper,0.97,23.3,16,3,24.0,True,cosmos_r_20120219.fits,55976.108,
COSMOS,r,2012-02-21,55978.15,paper,0.77,23.6,17,3,25.0,True,cosmos_r_20120221.fits,55978.151,
COSMOS,r,2012-02-23,55980.18,paper,0.74,23.6,18,3,25.1,True,cosmos_r_20120223.fits,55980.182,
COSMOS,r,2012-02-26,55983.12,paper,0.84,23.7,19,3,24.8,True,cosmos_r_20120226.fits,55983.120,
COSMOS,r,2012-02-29,55986.040,paper,0.89,23.2,20,3,24.4,True,cosmos_r_20120229.fits,55986.040,
COSMOS,r,2012-03-03,55989.196,paper,0.93,23.2,21,3,24.3,True,cosmos_r_20120303.fits,55989.196,
COSMOS,r,2012-03-06,55992.115,paper,0.80,22.6,22,3,23.5,True,cosmos_r_20120306.fits,55992.115,
COSMOS,r,2012-03-13,55999.033,paper,0.68,23.5,23,3,25.1,True,cosmos_r_20120313.fits,55999.033,
COSMOS,r,2012-03-15,56001.045,paper,1.11,23.1,24,3,23.9,True,cosmos_r_20120315.fits,56001.045,"la leyenda de la Fig. 1 da mag50=23.0 (DEmax=93%, beta=6.1) para esta epoca; la Tabla 2 imprime 23.1; se usa el valor de la tabla"
COSMOS,r,2012-03-17,56003.05,paper,0.92,23.3,25,3,24.5,True,cosmos_r_20120317.fits,56003.046,
COSMOS,r,2012-05-08,56056.000,paper,0.71,23.4,26,3,24.9,True,cosmos_r_20120508.fits,56055.996,"MJD impreso 56056.000 = 2012-05-09 00:00 UT; el obslog_I da 56055.996 (2012-05-08 23:54 UT), consistente con la fecha civil; el 56056.000 del paper es 56055.996 redondeado; transcrito tal cual"
COSMOS,r,2012-05-11,56058.10,paper,0.85,23.3,27,3,24.6,True,cosmos_r_20120511.fits,56058.099,
COSMOS,r,2012-05-17,56064.03,paper,0.75,23.5,28,3,24.9,True,cosmos_r_20120517.fits,56064.032,
COSMOS,r,2012-05-24,56071.07,paper,1.20,22.8,29,3,23.7,True,cosmos_r_20120524.fits,56071.067,
COSMOS,g,2011-12-27,55922.26,paper,1.13,23.5,31,3,24.4,True,cosmos_g_20111227.fits,55922.262,
COSMOS,g,2012-01-22,55948.27,paper,1.11,23.6,32,3,24.6,True,cosmos_g_20120122.fits,55948.273,
COSMOS,g,2012-02-02,55959.33,paper,0.88,23.8,33,3,25.0,True,cosmos_g_20120202.fits,55959.332,
COSMOS,g,2012-02-16,55973.28,paper,0.61,23.9,34,3,25.2,True,cosmos_g_20120216.fits,55973.278,
COSMOS,g,2012-02-26,55983.14,paper,1.04,23.8,35,3,24.7,True,cosmos_g_20120226.fits,55983.144,
COSMOS,g,2012-03-17,56003.07,paper,1.04,23.6,36,3,24.7,True,cosmos_g_20120317.fits,56003.071,
COSMOS,g,2012-05-09,56056.02,paper,0.78,23.8,37,3,25.4,True,cosmos_g_20120509.fits,56056.020,
COSMOS,i,2011-12-27,55922.28,paper,0.93,24.1,39,3,24.1,True,cosmos_i_20111227.fits,55922.287,"MJD impreso 55922.28; el obslog_I da 55922.287, que redondeado seria 55922.29 (unica fila con 2 decimales que no es el redondeo del log; diferencia 0.007 d, dentro de la tolerancia del cruce); transcrito tal cual"
COSMOS,i,2012-01-22,55948.30,paper,0.95,23.2,40,3,24.1,True,cosmos_i_20120122.fits,55948.298,
COSMOS,i,2012-02-02,55959.36,paper,1.05,22.7,41,3,23.6,True,cosmos_i_20120202.fits,55959.357,
COSMOS,i,2012-02-16,55973.30,paper,0.60,23.3,42,3,24.2,True,cosmos_i_20120216.fits,55973.304,
COSMOS,i,2012-02-26,55983.17,paper,0.88,24.1,43,3,24.1,True,cosmos_i_20120226.fits,55983.170,
COSMOS,i,2012-03-17,56003.10,paper,0.53,24.2,44,3,25.1,True,cosmos_i_20120317.fits,56003.097,
COSMOS,i,2012-05-09,56056.05,paper,0.62,23.4,45,3,24.3,True,cosmos_i_20120509.fits,56056.046,
