clase,sn,md5
Ia,ASASSN-14lp,b566d2ed7b1e80d605ba996feca1252e
Ia,SN1994D,412f20e68ef8d38e45d017eabcde62b2
Ia,SN1998aq,b9fe5fcd14209a8b3c1832c25410cdea
Ia,SN1998dh,ee102dd9c758bc4f06810bbcba833519
Ia,SN2001V,d406f487c0457d863cc4f76972d7c289
Ia,SN2003du,fb80bbc1325d82b780fc65e8d5653a7b
Ia,SN2004eo,820a8999f96b7b6af6df349211264ffb
Ia,SN2005cf,d10c413ea6cf2049f0811f58e919de6a
Ia,SN2006D,8c785c1a68038f0e1fca1deebe06ad3c
Ia,SN2007af,4ff3b7d855190bb46494fb60905915c7
Ia,SN2007le,a0dcec0b308d15da8c57c3268fba88d1
Ia,SN2009ig,081727d6014546f8922dc1706f2dfb42
Ia,SN2011fe,7f013b3b6359de3348f4449deee33cc8
Ia,SN2012fr,c22de395f74472f05fd844ed33d28296
Ia,SN2012ht,1e32182ed5ce0f53fbe3600b52c1bb52
II,SN1999gi,f1d84ba169afa31b99f5fe8cf7f23ec5
II,SN2005cs,90c8616a0369f96a47b95707347ce498
II,SN2012aw,979fa05ed60e7b0a4c38d61a485f48e5
II,SN2013ab,d35e82d871facae2f0c6cc63c37972fa
II,SN2013ej,9d00e015c941078bfa1e8efb1dfbc4de
II,SN2014G,cd9679a545e8cb217962afc9de3848ff
II,SN2014cy,e370aef852382d2f307f7680c8a87945
II,SN2016X,d0777a2091df776ba34f5864c0b20cac
II,SN2016esw,35c7bbad5e9e045e5d518ab2f2e30429
II,SN2017eaw,edeaf85ef8f6e9678a009a989d14bfd4
II,SN2021yja,4d824049170e7bd7792e34c8b62822c9
II,SN2023ixf,fa12bd674f4bca809bbbdd8d12d25841
II,SN2024ggi,e27f8bc126f31b012cee5719ae21aff2
IIb,SN1996cb,655955489b969d4478b2affc4f52eec3
IIb,SN2003bg,27380958a92eb39cfaf1f858c29f49fc
IIb,SN2006T,ece840fa129df20b312d8eb8f45629e0
IIb,SN2008aq,9efd9a87a21874359e8f92ef4a75e24d
IIb,SN2008ax,e84c66154f21032cc26116d6a5b71031
IIb,SN2008bo,9f675295e50e113613b7bcb611f65a50
IIb,SN2011dh,8c6346fed450c9b6935de817b41fbfbe
IIb,SN2011fu,eaff4e6ea7f61ca9e970d88497c5ada2
IIb,SN2011hs,c43ce7db785d6239a90dc909df4fef03
IIb,SN2013df,c69b14f423f34a0e92c2c4151ccb048c
IIn,LSQ13zm,e8cb3fd0eb394106367019a1bc18f2c9
IIn,SN1998S,083af1abad46bb89e3e6df9a64878305
IIn,SN2005cp,510ff10dcf5a01f34631f6804489bde9
IIn,SN2006aa,23d09ff9e8e16d3d31b13541b324291a
IIn,SN2007pk,bb422987995ae82ed3ce2ef505fd1fde
IIn,SN2009ip,1639f8b2b2045350c0a6bf3ce8b84870
IIn,SN2010jl,3c047eb1265439e68a41167a983c247c
IIn,SN2013L,646aaa4cf0a34a498504c72e489cd0c0
IIn,SN2015da,ec835a673344e403add1806dee6f16a4
IIn,SN2024hpj,11678b0e6641f319d765a3e5cee7be76
Ibc,SN1994I,8678b0d078b7508eaf6a44fdae7134aa
Ibc,SN1998bw,826ff9807950d060d809eb02f919efcf
Ibc,SN1999dn,520d0f6d9f01a21dd2913ede631fa2be
Ibc,SN2002ap,631730aa88876fb4aa3e031813c78641
Ibc,SN2004aw,ceb111a1eb55eea9310f6c4e04f81b98
Ibc,SN2004fe,8eb5c6c97b1735e159d3407a7947d83e
Ibc,SN2004gq,c596b545c8b857f0cc8ba47ba003e3fe
Ibc,SN2004gt,b6452f02107ae0a71f331864c4158f22
Ibc,SN2005bf,5d4e3bf879a355447f11690dc6b844e7
Ibc,SN2005hg,3df5b9827b7ec85c96bd223aef2bd8c8
Ibc,SN2006aj,ec3c621b17e6ca633b39619d2c9317e4
Ibc,SN2006ep,d52281790ed8bdf1b7075dc9d0f7c0fe
Ibc,SN2006lc,0500d9f7297bb98c423c7fafd90cf4a7
Ibc,SN2007gr,8ffc442f48374bf551c0a46196c97fb8
Ibc,SN2007ru,3bd00ac022d13e71f8224d30a57d4870
Ibc,SN2007uy,830795e1507b8dbcf1c378f8edfab566
Ibc,SN2008D,0cadfdbf6cdc30a30e05568a51824191
Ibc,SN2009bb,05f5c950de97412f80269176c798ac75
Ibc,SN2009iz,c79993b8cde9d9033680c3373bc0b224
Ibc,SN2009jf,ebbc8ced9310d0d9305296656afdd1b9
Ibc,SN2011bm,f86b9434c3469f4897f0b1ed98faef88
Ibc,SN2012ap,0c317e38e46a780abfc57b79e24d9449
Ibc,SN2013ge,b3e0a10f4986fa66acbb76cd0548bd68
Ibc,SN2014L,2832e945c2889d13fc78644a2fe14a6c
Ibc,SN2015ah,5d7819ebd39f3bd4a29b8b8204260f58
Ibc,SN2015ap,1ae5a074bd91269f764e50510853e42f
Ibc,SN2016coi,eaf5689d8ad956dae9ec1002652ab09f
Ibc,SN2017ein,862b93dd74454793f98a54567fe3c0b3
Ibc,SN2021krf,d6337dd3df14e8600ebc3c3bc2a25776
Ibc,iPTF13bvn,b667b57011936574eb967335a376f0e0
